query,relevant_video_id
How do you build a video sharing app using Next.js?,IBTx5aGj-6U
What are closures in JavaScript?,U6-RekkuORI
How do regular expressions work in programming?,gmuTjeQUbTM
What is integration testing in software development?,s950xhRvqYQ
How do you contribute to open source projects?,cw02dMpWStI
What is Git and why is it important?,0WjfKQdfeMU
How do developers collaborate using GitHub?,gmuTjeQUbTM
What is Kubernetes used for?,0WjfKQdfeMU
How does Kubernetes manage containers?,0WjfKQdfeMU
What is Docker and how does it work?,0WjfKQdfeMU
What is containerization in software development?,_4uQI4ihGVU
How do you deploy applications using Docker?,0WjfKQdfeMU
What is continuous integration in DevOps?,kQqrMNviM9U
What is continuous deployment in DevOps?,lEcULR30-GM
How does CI/CD improve software development?,kQqrMNviM9U
What is the difference between frontend and backend development?,_4uQI4ihGVU
What is REST API and how does it work?,0WjfKQdfeMU
How do you build APIs using Node.js?,IBTx5aGj-6U
What is Express.js used for?,WSsOXo07LeE
What is the role of middleware in Express.js?,W4M-g9wsEC4
How do you create a full stack web application?,0WjfKQdfeMU
What is the role of databases in web development?,_4uQI4ihGVU
What is SQL and why is it used?,IBTx5aGj-6U
What is MongoDB and how does it work?,IBTx5aGj-6U
What is the difference between SQL and NoSQL databases?,UsfpzxZNsPo
What is JavaScript closure and why is it useful?,4T3YlTSWa5s
How do asynchronous functions work in JavaScript?,bB5eA7vU9W8
What are promises in JavaScript?,58Tn2xB8kIE
What is async and await in JavaScript?,IBTx5aGj-6U
How does the event loop work in JavaScript?,bB5eA7vU9W8
What is Python used for in AI development?,0WjfKQdfeMU
How do Python libraries help in data science?,0WjfKQdfeMU
What is NumPy used for in Python?,0WjfKQdfeMU
What is pandas used for in data analysis?,0WjfKQdfeMU
What is data visualization in Python?,0WjfKQdfeMU
How does matplotlib help visualize data?,0WjfKQdfeMU
What is machine learning in simple terms?,0WjfKQdfeMU
How does gradient descent optimize machine learning models?,kRv2ElPNAdY
What is supervised learning in machine learning?,gmuTjeQUbTM
What is unsupervised learning in machine learning?,gmuTjeQUbTM
What are neural networks inspired by?,gmuTjeQUbTM
How does backpropagation work in neural networks?,0WjfKQdfeMU
What is natural language processing in AI?,0WjfKQdfeMU
How do AI agents work in modern applications?,0WjfKQdfeMU
What is reinforcement learning in AI?,gmuTjeQUbTM
How does transfer learning improve models?,0WjfKQdfeMU
What is feature engineering in data science?,s950xhRvqYQ
What is model overfitting in machine learning?,kRv2ElPNAdY
How can developers prevent overfitting in ML models?,kRv2ElPNAdY
What are AI infrastructure tools used for?,0WjfKQdfeMU
What skills are required to become an AI engineer?,_4uQI4ihGVU
How do you start learning programming from scratch?,0WjfKQdfeMU
How do beginners stay motivated while learning programming?,rgt5GPFgryI
What are the best practices for writing clean code?,s950xhRvqYQ
Why is version control important for developers?,0WjfKQdfeMU
What is the purpose of testing in software development?,_4uQI4ihGVU
What is the difference between unit testing and integration testing?,s950xhRvqYQ
How do end to end tests work in applications?,IBTx5aGj-6U
What tools are used for automated testing?,s950xhRvqYQ
How do developers debug programs effectively?,_4uQI4ihGVU
Why is open source important in software development?,0WjfKQdfeMU
How do developers monetize open source projects?,xH9ZKsTY73Y
How do you choose your first open source contribution?,kQqrMNviM9U
What is the difference between compiled and interpreted languages?,gmuTjeQUbTM
Why do computers understand binary numbers?,fQbBPa0ADvs
How do compilers translate programming languages?,gmuTjeQUbTM
What is the role of operating systems in computers?,0WjfKQdfeMU
What is Linux and why do developers use it?,0WjfKQdfeMU
How do networks allow computers to communicate?,0WjfKQdfeMU
What is HTTP protocol used for?,IBTx5aGj-6U
How does a web browser communicate with servers?,0WjfKQdfeMU
What are microservices in system architecture?,_4uQI4ihGVU
What is system design in software engineering?,s950xhRvqYQ
How do scalable applications handle large traffic?,26ls5lNiijk
What is the role of cloud computing in modern applications?,0WjfKQdfeMU
How does AWS support cloud applications?,s950xhRvqYQ
What are containers used for in cloud infrastructure?,0WjfKQdfeMU
