Enter your query,Search Results,timestamp
how to use AI tools effectively,"### 1. AI tools can be super helpful - but they're not the answer to everything
Score: 0.527
[Watch Video](https://www.youtube.com/watch?v=zkJt9y7ixiY)

<iframe width='560' height='315' src='https://www.youtube.com/embed/zkJt9y7ixiY'></iframe>

### 2. How can you, as a dev, get the most out of AI tools?
Score: 0.517
[Watch Video](https://www.youtube.com/watch?v=MdEexYakkHw)

<iframe width='560' height='315' src='https://www.youtube.com/embed/MdEexYakkHw'></iframe>

### 3. Learn programming fundamentals first. Then you can use AI to help you become more efficient.
Score: 0.508
[Watch Video](https://www.youtube.com/watch?v=MZVyASCY8sQ)

<iframe width='560' height='315' src='https://www.youtube.com/embed/MZVyASCY8sQ'></iframe>

### 4. How to use AI as an accelerator, not a crutch, with freelance engineer Ankur Tyagi [Podcast 186]
Score: 0.482
[Watch Video](https://www.youtube.com/watch?v=ebarbEsoHzg)

<iframe width='560' height='315' src='https://www.youtube.com/embed/ebarbEsoHzg'></iframe>

### 5. The three paths AI could take from here - Shawn Wang SWYX interview [Podcast 208]
Score: 0.468
[Watch Video](https://www.youtube.com/watch?v=kQqrMNviM9U)

<iframe width='560' height='315' src='https://www.youtube.com/embed/kQqrMNviM9U'></iframe>",2026-04-07 12:12:29.251443
,,2026-04-07 12:12:55.031595
