Query,Rank,Video,Score
what are programming fundamentals,1,g_3IKHG-rfA,0.47614294
what are programming fundamentals,2,G9JxuWk7BDA,0.43768698
what are programming fundamentals,3,gmuTjeQUbTM,0.4312485
what are programming fundamentals,4,66hDgWottdA,0.40661755
what are programming fundamentals,5,o54etZM-DrY,0.3964179
how to start learning programming,1,xJjxQjZTryI,0.51594657
how to start learning programming,2,g_3IKHG-rfA,0.50413036
how to start learning programming,3,ebarbEsoHzg,0.48536056
how to start learning programming,4,H6gHXV6OgFU,0.47815225
how to start learning programming,5,hM2T45qbIPI,0.4667029
beginner coding concepts explained,1,hM2T45qbIPI,0.5688632
beginner coding concepts explained,2,W4M-g9wsEC4,0.5475885
beginner coding concepts explained,3,xJjxQjZTryI,0.5192998
beginner coding concepts explained,4,626BcUO84og,0.5117364
beginner coding concepts explained,5,voPcxCFMbbM,0.50885844
basics of software development,1,yhtdkuw9mbM,0.55675083
basics of software development,2,626BcUO84og,0.48400927
basics of software development,3,ldkfMvE36FI,0.48177052
basics of software development,4,cjam-BWAaL8,0.4804276
basics of software development,5,xJjxQjZTryI,0.4744142
introduction to programming logic,1,g_3IKHG-rfA,0.5365569
introduction to programming logic,2,hM2T45qbIPI,0.5317793
introduction to programming logic,3,ebarbEsoHzg,0.4545348
introduction to programming logic,4,cjam-BWAaL8,0.4365383
introduction to programming logic,5,6_qwLx8jwBY,0.43539757
how computers execute code,1,Ai00MsNabaE,0.3765392
how computers execute code,2,LsY7U2Muau8,0.32676852
how computers execute code,3,W4M-g9wsEC4,0.31887034
how computers execute code,4,Vs4hQsDpxww,0.3111426
how computers execute code,5,g_3IKHG-rfA,0.30343837
difference between compiled and interpreted languages,1,7G9q_5q82hY,0.24914132
difference between compiled and interpreted languages,2,HEGrkgpe7-Y,0.24604456
difference between compiled and interpreted languages,3,ikXDYsdg15c,0.24264361
difference between compiled and interpreted languages,4,g_3IKHG-rfA,0.240424
difference between compiled and interpreted languages,5,wP8SiwiExBk,0.23543318
how variables and loops work,1,kFEBs8wuhiU,0.40601453
how variables and loops work,2,9kKNFP9srjc,0.38203555
how variables and loops work,3,pdleuy5lljY,0.36335474
how variables and loops work,4,URJBQ3b9n6Y,0.32853246
how variables and loops work,5,66hDgWottdA,0.31121936
programming basics for beginners,1,g_3IKHG-rfA,0.5079702
programming basics for beginners,2,xJjxQjZTryI,0.4685957
programming basics for beginners,3,hM2T45qbIPI,0.46652642
programming basics for beginners,4,yhtdkuw9mbM,0.461132
programming basics for beginners,5,cjam-BWAaL8,0.4461158
core concepts every programmer should know,1,bB5eA7vU9W8,0.54028356
core concepts every programmer should know,2,gmuTjeQUbTM,0.4695777
core concepts every programmer should know,3,xJjxQjZTryI,0.46715108
core concepts every programmer should know,4,626BcUO84og,0.46150354
core concepts every programmer should know,5,hM2T45qbIPI,0.45955276
what are data structures in programming,1,mrRfPVm9nAY,0.6116784
what are data structures in programming,2,26ls5lNiijk,0.48434997
what are data structures in programming,3,g_3IKHG-rfA,0.42270634
what are data structures in programming,4,G9JxuWk7BDA,0.39467645
what are data structures in programming,5,KOutPbKc9UM,0.34456968
explain arrays and linked lists,1,mrRfPVm9nAY,0.43362892
explain arrays and linked lists,2,QgZoz4xFfLE,0.41724625
explain arrays and linked lists,3,HwFw1abJkUs,0.39282563
explain arrays and linked lists,4,kFEBs8wuhiU,0.3545517
explain arrays and linked lists,5,vZHhmzT9TL8,0.3246839
introduction to stacks and queues,1,mrRfPVm9nAY,0.3792381
introduction to stacks and queues,2,cfOI7PBhkWk,0.3074782
introduction to stacks and queues,3,DosHnyq78xY,0.30503204
introduction to stacks and queues,4,GpxFF82I8Nk,0.3005363
introduction to stacks and queues,5,tVskbekONlw,0.2931019
how hash tables work,1,kb_scuDUHls,0.43809393
how hash tables work,2,mrRfPVm9nAY,0.4218873
how hash tables work,3,26ls5lNiijk,0.3904896
how hash tables work,4,KOutPbKc9UM,0.29111964
how hash tables work,5,u1T8yyEEKWY,0.2881095
time complexity explained,1,Tbqmz0ZP8q8,0.3215782
time complexity explained,2,pdleuy5lljY,0.29103485
time complexity explained,3,UtV8MfnuIEg,0.27839366
time complexity explained,4,BRksIg2jkbo,0.2565609
time complexity explained,5,Y6JJgOqroAI,0.25102666
big o notation tutorial,1,pdleuy5lljY,0.26119128
big o notation tutorial,2,GpxFF82I8Nk,0.25886786
big o notation tutorial,3,mrRfPVm9nAY,0.24707898
big o notation tutorial,4,ikXDYsdg15c,0.2369598
big o notation tutorial,5,ry_mcAPVTOc,0.22356087
algorithm optimization techniques,1,xJjxQjZTryI,0.38519868
algorithm optimization techniques,2,66hDgWottdA,0.37976006
algorithm optimization techniques,3,LsY7U2Muau8,0.34262434
algorithm optimization techniques,4,s950xhRvqYQ,0.31174895
algorithm optimization techniques,5,EO8QoyRSVaw,0.3070342
common data structures used in software engineering,1,mrRfPVm9nAY,0.53065753
common data structures used in software engineering,2,26ls5lNiijk,0.52585673
common data structures used in software engineering,3,KOutPbKc9UM,0.38393164
common data structures used in software engineering,4,UuknxVdqzb4,0.36973616
common data structures used in software engineering,5,hM2T45qbIPI,0.360314
sorting algorithms explained,1,mrRfPVm9nAY,0.29060385
sorting algorithms explained,2,LsY7U2Muau8,0.2647156
sorting algorithms explained,3,66hDgWottdA,0.26141667
sorting algorithms explained,4,pdleuy5lljY,0.25549424
sorting algorithms explained,5,kFEBs8wuhiU,0.24928617
searching algorithms in programming,1,LsY7U2Muau8,0.4044821
searching algorithms in programming,2,66hDgWottdA,0.36236152
searching algorithms in programming,3,MZVyASCY8sQ,0.32224008
searching algorithms in programming,4,mrRfPVm9nAY,0.312566
searching algorithms in programming,5,xJjxQjZTryI,0.30927977
introduction to machine learning,1,hM2T45qbIPI,0.52511525
introduction to machine learning,2,ebarbEsoHzg,0.52009577
introduction to machine learning,3,tVskbekONlw,0.5153959
introduction to machine learning,4,Zv2a6ixXEQc,0.5137738
introduction to machine learning,5,6_qwLx8jwBY,0.5135983
how machine learning works,1,tVskbekONlw,0.5027043
how machine learning works,2,MZVyASCY8sQ,0.46498036
how machine learning works,3,gmuTjeQUbTM,0.4588285
how machine learning works,4,ebarbEsoHzg,0.4526628
how machine learning works,5,Zv2a6ixXEQc,0.4434831
supervised vs unsupervised learning,1,E7o_WdfKszU,0.37356415
supervised vs unsupervised learning,2,RI8ELvtbUmU,0.3586861
supervised vs unsupervised learning,3,oRZouQxC5Gw,0.31943998
supervised vs unsupervised learning,4,H-oCV5brtU4,0.31518516
supervised vs unsupervised learning,5,VgBQ0yBSjfM,0.30263776
neural networks explained simply,1,tfpGS_doPvY,0.5889155
neural networks explained simply,2,kRv2ElPNAdY,0.5494438
neural networks explained simply,3,wu8npoU37cI,0.5189071
neural networks explained simply,4,GIZzRGYpCbM,0.38760608
neural networks explained simply,5,UIf-SlmMays,0.3813303
what is deep learning,1,tfpGS_doPvY,0.41321075
what is deep learning,2,xH9ZKsTY73Y,0.40001255
what is deep learning,3,GpxFF82I8Nk,0.35716143
what is deep learning,4,Zv2a6ixXEQc,0.35501218
what is deep learning,5,ebarbEsoHzg,0.34507284
how AI models are trained,1,MZVyASCY8sQ,0.62943774
how AI models are trained,2,MdEexYakkHw,0.5709963
how AI models are trained,3,YtHdaXuOAks,0.5138047
how AI models are trained,4,wu8npoU37cI,0.5099568
how AI models are trained,5,UIf-SlmMays,0.50890934
machine learning project ideas,1,GAZkxw6DJJE,0.5237004
machine learning project ideas,2,ebarbEsoHzg,0.5167557
machine learning project ideas,3,cjam-BWAaL8,0.4949766
machine learning project ideas,4,jaDi29eRYps,0.49480644
machine learning project ideas,5,GpxFF82I8Nk,0.48844555
building ML models step by step,1,tVskbekONlw,0.5190541
building ML models step by step,2,p3sij8QzONQ,0.49630317
building ML models step by step,3,D5F8kp_azzw,0.43330154
building ML models step by step,4,I7_WXKhyGms,0.40898457
building ML models step by step,5,H-oCV5brtU4,0.4051435
practical applications of machine learning,1,cjam-BWAaL8,0.4868599
practical applications of machine learning,2,UIf-SlmMays,0.48165795
practical applications of machine learning,3,hM2T45qbIPI,0.47755316
practical applications of machine learning,4,Zv2a6ixXEQc,0.47724998
practical applications of machine learning,5,ebarbEsoHzg,0.46657702
AI tools developers should know,1,MdEexYakkHw,0.6248213
AI tools developers should know,2,MZVyASCY8sQ,0.582775
AI tools developers should know,3,YtHdaXuOAks,0.5476296
AI tools developers should know,4,mvleESOUTRw,0.53851265
AI tools developers should know,5,B0TJC4lmzEM,0.5168271
how to build a web application,1,Vs4hQsDpxww,0.50677675
how to build a web application,2,yhtdkuw9mbM,0.4610878
how to build a web application,3,Kt2E8nblvXU,0.45384842
how to build a web application,4,tPkJLnDqAKk,0.40138674
how to build a web application,5,tdsQwuyS6DQ,0.39490464
front end vs back end development,1,KOutPbKc9UM,0.43627432
front end vs back end development,2,yhtdkuw9mbM,0.34204364
front end vs back end development,3,2Kw3e-1vbBQ,0.33899382
front end vs back end development,4,xH9ZKsTY73Y,0.33637512
front end vs back end development,5,mAFoROnOfHs,0.33400324
introduction to HTML CSS JavaScript,1,c6IyCwAV6BY,0.54720354
introduction to HTML CSS JavaScript,2,LzMnsfqjzkA,0.48474166
introduction to HTML CSS JavaScript,3,Vs4hQsDpxww,0.47338566
introduction to HTML CSS JavaScript,4,tPkJLnDqAKk,0.42988518
introduction to HTML CSS JavaScript,5,tdsQwuyS6DQ,0.42211038
how APIs work in web development,1,ll1mpTJ4qBU,0.43156445
how APIs work in web development,2,WSsOXo07LeE,0.4288714
how APIs work in web development,3,QSFWSjBHIkw,0.42499092
how APIs work in web development,4,W4M-g9wsEC4,0.41126093
how APIs work in web development,5,YtHdaXuOAks,0.39829928
building REST APIs explained,1,WSsOXo07LeE,0.43184724
building REST APIs explained,2,W4M-g9wsEC4,0.39073145
building REST APIs explained,3,KOutPbKc9UM,0.38838625
building REST APIs explained,4,ll1mpTJ4qBU,0.38713625
building REST APIs explained,5,YtHdaXuOAks,0.36115435
full stack development roadmap,1,kQqrMNviM9U,0.43533447
full stack development roadmap,2,GAZkxw6DJJE,0.42653626
full stack development roadmap,3,VgBQ0yBSjfM,0.4142648
full stack development roadmap,4,bB5eA7vU9W8,0.40669572
full stack development roadmap,5,4T3YlTSWa5s,0.40428367
how to deploy a web application,1,lEcULR30-GM,0.4027851
how to deploy a web application,2,ldkfMvE36FI,0.36562806
how to deploy a web application,3,Vs4hQsDpxww,0.31780788
how to deploy a web application,4,HEGrkgpe7-Y,0.28779626
how to deploy a web application,5,Kt2E8nblvXU,0.27729902
modern JavaScript frameworks overview,1,c6IyCwAV6BY,0.5505631
modern JavaScript frameworks overview,2,y5aKEyPfLKs,0.51822674
modern JavaScript frameworks overview,3,tPkJLnDqAKk,0.47681722
modern JavaScript frameworks overview,4,Kt2E8nblvXU,0.45673168
modern JavaScript frameworks overview,5,Vs4hQsDpxww,0.45472163
backend development fundamentals,1,KOutPbKc9UM,0.48130772
backend development fundamentals,2,Kt2E8nblvXU,0.48065537
backend development fundamentals,3,2Kw3e-1vbBQ,0.4756876
backend development fundamentals,4,yhtdkuw9mbM,0.45280805
backend development fundamentals,5,ldkfMvE36FI,0.45262268
how web servers process requests,1,DosHnyq78xY,0.29315257
how web servers process requests,2,UIf-SlmMays,0.27150825
how web servers process requests,3,KOutPbKc9UM,0.2699457
how web servers process requests,4,et7u_tnlS0Q,0.26844138
how web servers process requests,5,tVskbekONlw,0.24895592
what is DevOps,1,5JTBS09e7ew,0.347458
what is DevOps,2,kQqrMNviM9U,0.32923642
what is DevOps,3,lEcULR30-GM,0.3091964
what is DevOps,4,Zv2a6ixXEQc,0.30119374
what is DevOps,5,D5F8kp_azzw,0.2901973
introduction to Kubernetes,1,HihwnUepmdg,0.64711034
introduction to Kubernetes,2,_4uQI4ihGVU,0.62827677
introduction to Kubernetes,3,Fr9GqFwl6NM,0.6085514
introduction to Kubernetes,4,l57xKN6OBhY,0.55907893
introduction to Kubernetes,5,kQqrMNviM9U,0.4814906
containerization explained with Docker,1,lEcULR30-GM,0.46234313
containerization explained with Docker,2,_4uQI4ihGVU,0.31069985
containerization explained with Docker,3,xHUwGx-ZlTM,0.29822698
containerization explained with Docker,4,Fr9GqFwl6NM,0.2941435
containerization explained with Docker,5,odP153inZUo,0.28903985
how CI/CD pipelines work,1,D5F8kp_azzw,0.40682003
how CI/CD pipelines work,2,tVskbekONlw,0.36298567
how CI/CD pipelines work,3,lEcULR30-GM,0.32968998
how CI/CD pipelines work,4,UIf-SlmMays,0.31998733
how CI/CD pipelines work,5,0Hd5vYqin7w,0.31732312
cloud computing basics for developers,1,u43gJJrVa1I,0.5689674
cloud computing basics for developers,2,5JTBS09e7ew,0.55392134
cloud computing basics for developers,3,xHUwGx-ZlTM,0.5530208
cloud computing basics for developers,4,30diF8dKpAY,0.5372779
cloud computing basics for developers,5,_4uQI4ihGVU,0.5087202
infrastructure automation explained,1,UIf-SlmMays,0.53845835
infrastructure automation explained,2,_4uQI4ihGVU,0.48357457
infrastructure automation explained,3,I7_WXKhyGms,0.43161547
infrastructure automation explained,4,tVskbekONlw,0.4269307
infrastructure automation explained,5,GIZzRGYpCbM,0.41275686
monitoring and logging systems,1,FAKgFhWX8pQ,0.34732613
monitoring and logging systems,2,tVskbekONlw,0.25488922
monitoring and logging systems,3,rgt5GPFgryI,0.2421814
monitoring and logging systems,4,BRksIg2jkbo,0.24072005
monitoring and logging systems,5,vK30T6wKauA,0.23679619
microservices architecture explained,1,xHUwGx-ZlTM,0.54410195
microservices architecture explained,2,_4uQI4ihGVU,0.46370223
microservices architecture explained,3,DosHnyq78xY,0.44459534
microservices architecture explained,4,odP153inZUo,0.3747449
microservices architecture explained,5,WKIjkxxNH0c,0.3704597
scaling applications in production,1,lEcULR30-GM,0.40717056
scaling applications in production,2,_4uQI4ihGVU,0.37634352
scaling applications in production,3,c1Op7YSTwhg,0.354351
scaling applications in production,4,ldkfMvE36FI,0.3406175
scaling applications in production,5,xHUwGx-ZlTM,0.32068565
distributed systems basics,1,UIf-SlmMays,0.36472455
distributed systems basics,2,tVskbekONlw,0.3340583
distributed systems basics,3,DosHnyq78xY,0.32465306
distributed systems basics,4,xHUwGx-ZlTM,0.32184425
distributed systems basics,5,I7_WXKhyGms,0.30412024
how to contribute to open source,1,FHBBaSUQk1Y,0.6482928
how to contribute to open source,2,c1Op7YSTwhg,0.54200184
how to contribute to open source,3,4RGkpzTJjfg,0.42874825
how to contribute to open source,4,GpxFF82I8Nk,0.36125514
how to contribute to open source,5,lw1vTtFyfgg,0.3377556
benefits of contributing to open source projects,1,c1Op7YSTwhg,0.5861616
benefits of contributing to open source projects,2,FHBBaSUQk1Y,0.5690588
benefits of contributing to open source projects,3,4RGkpzTJjfg,0.5394392
benefits of contributing to open source projects,4,GpxFF82I8Nk,0.3476266
benefits of contributing to open source projects,5,MdEexYakkHw,0.3179681
finding beginner friendly open source projects,1,FHBBaSUQk1Y,0.5374714
finding beginner friendly open source projects,2,GpxFF82I8Nk,0.5292542
finding beginner friendly open source projects,3,c1Op7YSTwhg,0.4842794
finding beginner friendly open source projects,4,cjam-BWAaL8,0.46437484
finding beginner friendly open source projects,5,GAZkxw6DJJE,0.4437101
open source collaboration workflow,1,FHBBaSUQk1Y,0.47842512
open source collaboration workflow,2,c1Op7YSTwhg,0.4293498
open source collaboration workflow,3,7lEWtEG3vd0,0.3786325
open source collaboration workflow,4,mAFoROnOfHs,0.37814248
open source collaboration workflow,5,r36xQmTJe1c,0.3661414
GitHub contribution guide,1,mAFoROnOfHs,0.47075135
GitHub contribution guide,2,ZldNCx4AvEM,0.43118367
GitHub contribution guide,3,D5F8kp_azzw,0.3698363
GitHub contribution guide,4,cw02dMpWStI,0.33596662
GitHub contribution guide,5,FHBBaSUQk1Y,0.30046064
how maintainers review pull requests,1,ZldNCx4AvEM,0.3042496
how maintainers review pull requests,2,D5F8kp_azzw,0.2504793
how maintainers review pull requests,3,jie_039IekA,0.22229876
how maintainers review pull requests,4,tVskbekONlw,0.22027919
how maintainers review pull requests,5,mAFoROnOfHs,0.21976303
importance of open source in software development,1,FHBBaSUQk1Y,0.5885463
importance of open source in software development,2,c1Op7YSTwhg,0.58307177
importance of open source in software development,3,4RGkpzTJjfg,0.53083575
importance of open source in software development,4,GpxFF82I8Nk,0.39858508
importance of open source in software development,5,n1sfrc-RjyM,0.39848924
open source project structure explained,1,c1Op7YSTwhg,0.44136214
open source project structure explained,2,xH9ZKsTY73Y,0.41578385
open source project structure explained,3,GpxFF82I8Nk,0.4153721
open source project structure explained,4,2Kw3e-1vbBQ,0.4068072
open source project structure explained,5,FHBBaSUQk1Y,0.39466235
best practices for contributing code,1,Vs4hQsDpxww,0.35289964
best practices for contributing code,2,OGRyln02De4,0.33799404
best practices for contributing code,3,mAFoROnOfHs,0.33594695
best practices for contributing code,4,voPcxCFMbbM,0.33421436
best practices for contributing code,5,626BcUO84og,0.32309645
learning programming through open source,1,FHBBaSUQk1Y,0.55937874
learning programming through open source,2,GpxFF82I8Nk,0.539254
learning programming through open source,3,ebarbEsoHzg,0.4624237
learning programming through open source,4,MiGXhDvuvEg,0.44904476
learning programming through open source,5,cjam-BWAaL8,0.4415543
git basics for beginners,1,ZldNCx4AvEM,0.59589183
git basics for beginners,2,mAFoROnOfHs,0.56030184
git basics for beginners,3,voPcxCFMbbM,0.39372578
git basics for beginners,4,yhtdkuw9mbM,0.37435222
git basics for beginners,5,boH7_Ate4LM,0.36246234
how git version control works,1,mAFoROnOfHs,0.6458342
how git version control works,2,ZldNCx4AvEM,0.50404793
how git version control works,3,D5F8kp_azzw,0.31300312
how git version control works,4,lEcULR30-GM,0.29338884
how git version control works,5,voPcxCFMbbM,0.24358611
branching and merging in git,1,ZldNCx4AvEM,0.6045388
branching and merging in git,2,mAFoROnOfHs,0.4043803
branching and merging in git,3,D5F8kp_azzw,0.27108946
branching and merging in git,4,MtQhSMoHXMY,0.25894475
branching and merging in git,5,OGRyln02De4,0.25238165
resolving merge conflicts in git,1,ZldNCx4AvEM,0.4978932
resolving merge conflicts in git,2,mAFoROnOfHs,0.398607
resolving merge conflicts in git,3,D5F8kp_azzw,0.2165489
resolving merge conflicts in git,4,cw02dMpWStI,0.18807885
resolving merge conflicts in git,5,MtQhSMoHXMY,0.16354237
git workflow explained,1,mAFoROnOfHs,0.60089886
git workflow explained,2,ZldNCx4AvEM,0.58678705
git workflow explained,3,tVskbekONlw,0.39953563
git workflow explained,4,D5F8kp_azzw,0.37164095
git workflow explained,5,66hDgWottdA,0.3422419
how to use git for team collaboration,1,mAFoROnOfHs,0.54151237
how to use git for team collaboration,2,ZldNCx4AvEM,0.516542
how to use git for team collaboration,3,7lEWtEG3vd0,0.30987874
how to use git for team collaboration,4,cw02dMpWStI,0.29646486
how to use git for team collaboration,5,OGRyln02De4,0.29233563
git commands every developer should know,1,mAFoROnOfHs,0.5800453
git commands every developer should know,2,ZldNCx4AvEM,0.57398355
git commands every developer should know,3,7ysrM5BMe6Q,0.3841833
git commands every developer should know,4,OGRyln02De4,0.383961
git commands every developer should know,5,ldkfMvE36FI,0.3798916
using github for projects,1,mAFoROnOfHs,0.520845
using github for projects,2,ZldNCx4AvEM,0.44171456
using github for projects,3,cw02dMpWStI,0.37101996
using github for projects,4,D5F8kp_azzw,0.34508651
using github for projects,5,FHBBaSUQk1Y,0.3297232
version control best practices,1,mAFoROnOfHs,0.4434332
version control best practices,2,r36xQmTJe1c,0.28849885
version control best practices,3,lEcULR30-GM,0.26648146
version control best practices,4,2Kw3e-1vbBQ,0.2515564
version control best practices,5,MtQhSMoHXMY,0.24887277
managing code history with git,1,mAFoROnOfHs,0.55237764
managing code history with git,2,ZldNCx4AvEM,0.5367615
managing code history with git,3,GAZkxw6DJJE,0.31403717
managing code history with git,4,voPcxCFMbbM,0.29898453
managing code history with git,5,Vs4hQsDpxww,0.27790782
debugging techniques for developers,1,OGRyln02De4,0.4218465
debugging techniques for developers,2,FqJuiLbgqNA,0.3656345
debugging techniques for developers,3,ldkfMvE36FI,0.3572278
debugging techniques for developers,4,ll1mpTJ4qBU,0.3385435
debugging techniques for developers,5,s950xhRvqYQ,0.33572617
how to fix bugs in code,1,FqJuiLbgqNA,0.47519565
how to fix bugs in code,2,oeWLnnjFmf8,0.4029726
how to fix bugs in code,3,OGRyln02De4,0.3326943
how to fix bugs in code,4,TcZFJrjxOYQ,0.31161
how to fix bugs in code,5,o54etZM-DrY,0.2997809
common programming mistakes,1,pdleuy5lljY,0.41062567
common programming mistakes,2,davl7UFG-Ls,0.3565048
common programming mistakes,3,oeWLnnjFmf8,0.35601503
common programming mistakes,4,LsY7U2Muau8,0.32219565
common programming mistakes,5,TcZFJrjxOYQ,0.32122293
troubleshooting software errors,1,oeWLnnjFmf8,0.48341727
troubleshooting software errors,2,FqJuiLbgqNA,0.3653726
troubleshooting software errors,3,TcZFJrjxOYQ,0.304732
troubleshooting software errors,4,w_BIYb6WbtU,0.29336488
troubleshooting software errors,5,Ai00MsNabaE,0.22170042
debugging large codebases,1,ll1mpTJ4qBU,0.33624193
debugging large codebases,2,OGRyln02De4,0.31230748
debugging large codebases,3,s950xhRvqYQ,0.30828497
debugging large codebases,4,oeWLnnjFmf8,0.30053318
debugging large codebases,5,GAZkxw6DJJE,0.2929813
strategies for solving coding problems,1,xJjxQjZTryI,0.5005543
strategies for solving coding problems,2,GAZkxw6DJJE,0.46369
strategies for solving coding problems,3,s950xhRvqYQ,0.4492736
strategies for solving coding problems,4,jaDi29eRYps,0.44123504
strategies for solving coding problems,5,o54etZM-DrY,0.43979374
understanding error messages in programming,1,fQ51cM44o7I,0.35112104
understanding error messages in programming,2,TcZFJrjxOYQ,0.3243141
understanding error messages in programming,3,oeWLnnjFmf8,0.31620464
understanding error messages in programming,4,g_3IKHG-rfA,0.30615255
understanding error messages in programming,5,DIRnYM2dOs0,0.30394536
debugging tools for developers,1,OGRyln02De4,0.39699873
debugging tools for developers,2,ll1mpTJ4qBU,0.35941803
debugging tools for developers,3,ldkfMvE36FI,0.35480544
debugging tools for developers,4,FqJuiLbgqNA,0.34441015
debugging tools for developers,5,7lEWtEG3vd0,0.31908354
how developers investigate software bugs,1,FqJuiLbgqNA,0.46679702
how developers investigate software bugs,2,OGRyln02De4,0.43643928
how developers investigate software bugs,3,ldkfMvE36FI,0.4076638
how developers investigate software bugs,4,oeWLnnjFmf8,0.38646862
how developers investigate software bugs,5,s950xhRvqYQ,0.31392485
improving problem solving skills in coding,1,xJjxQjZTryI,0.5421022
improving problem solving skills in coding,2,o54etZM-DrY,0.46633133
improving problem solving skills in coding,3,W4M-g9wsEC4,0.43687028
improving problem solving skills in coding,4,jaDi29eRYps,0.4312496
improving problem solving skills in coding,5,MiGXhDvuvEg,0.41613606
how to become a software developer,1,yhtdkuw9mbM,0.51846206
how to become a software developer,2,q4Ovbh3tpU0,0.5101134
how to become a software developer,3,ldkfMvE36FI,0.4907042
how to become a software developer,4,vc5T3VmCar0,0.4733027
how to become a software developer,5,H6gHXV6OgFU,0.42424604
developer career roadmap,1,xwI5OBEnsZU,0.48196697
developer career roadmap,2,ldkfMvE36FI,0.4722884
developer career roadmap,3,yhtdkuw9mbM,0.4531623
developer career roadmap,4,r36xQmTJe1c,0.441577
developer career roadmap,5,VgBQ0yBSjfM,0.4325107
how to prepare for coding interviews,1,BrBMM2gIQN8,0.58649194
how to prepare for coding interviews,2,ekXUXu7Eejs,0.49490225
how to prepare for coding interviews,3,lIghF_OewYg,0.4446547
how to prepare for coding interviews,4,MiGXhDvuvEg,0.44240877
how to prepare for coding interviews,5,xwI5OBEnsZU,0.4288915
skills needed for software engineering jobs,1,ekXUXu7Eejs,0.48327127
skills needed for software engineering jobs,2,q4Ovbh3tpU0,0.46181774
skills needed for software engineering jobs,3,xwI5OBEnsZU,0.4490363
skills needed for software engineering jobs,4,9q24hqwm4QM,0.43883517
skills needed for software engineering jobs,5,yhtdkuw9mbM,0.4257898
how developers keep learning new technologies,1,q4Ovbh3tpU0,0.5682474
how developers keep learning new technologies,2,ldkfMvE36FI,0.4646024
how developers keep learning new technologies,3,7ysrM5BMe6Q,0.45233443
how developers keep learning new technologies,4,oRZouQxC5Gw,0.44320512
how developers keep learning new technologies,5,xJjxQjZTryI,0.43748558
managing burnout in software development,1,OGRyln02De4,0.36712185
managing burnout in software development,2,ldkfMvE36FI,0.349083
managing burnout in software development,3,lEcULR30-GM,0.32279438
managing burnout in software development,4,r36xQmTJe1c,0.32029456
managing burnout in software development,5,q4Ovbh3tpU0,0.31593445
productivity tips for programmers,1,q4Ovbh3tpU0,0.44988543
productivity tips for programmers,2,QMgIovzpYVw,0.43623838
productivity tips for programmers,3,o54etZM-DrY,0.43349823
productivity tips for programmers,4,7ysrM5BMe6Q,0.42960733
productivity tips for programmers,5,gpm1hRv6WL8,0.41204268
building a strong developer portfolio,1,ldkfMvE36FI,0.44463477
building a strong developer portfolio,2,yhtdkuw9mbM,0.44376814
building a strong developer portfolio,3,OGRyln02De4,0.38963035
building a strong developer portfolio,4,VplSjvnwG_Y,0.3825488
building a strong developer portfolio,5,slfaeQLn1cY,0.3808931
learning new programming languages effectively,1,g_3IKHG-rfA,0.50429034
learning new programming languages effectively,2,p3sij8QzONQ,0.4531435
learning new programming languages effectively,3,jaDi29eRYps,0.44001833
learning new programming languages effectively,4,W4M-g9wsEC4,0.43668318
learning new programming languages effectively,5,gmuTjeQUbTM,0.4270351
advice for junior developers,1,q4Ovbh3tpU0,0.5123365
advice for junior developers,2,OGRyln02De4,0.47034687
advice for junior developers,3,ldkfMvE36FI,0.40973666
advice for junior developers,4,yhtdkuw9mbM,0.4073754
advice for junior developers,5,voPcxCFMbbM,0.40629175
future of software development,1,ldkfMvE36FI,0.43463072
future of software development,2,56Hv0LDjtWM,0.41857317
future of software development,3,Fi8vnYgMiHA,0.41028336
future of software development,4,y5aKEyPfLKs,0.39770612
future of software development,5,DzVm161M4Kk,0.38961974
how AI is changing programming,1,MdEexYakkHw,0.5409253
how AI is changing programming,2,MZVyASCY8sQ,0.5075583
how AI is changing programming,3,gmuTjeQUbTM,0.49929756
how AI is changing programming,4,tr5Fapv80Cw,0.4761676
how AI is changing programming,5,56Hv0LDjtWM,0.46740764
importance of continuous learning in tech,1,RI8ELvtbUmU,0.3954994
importance of continuous learning in tech,2,zkJt9y7ixiY,0.3927157
importance of continuous learning in tech,3,H-oCV5brtU4,0.3889221
importance of continuous learning in tech,4,q4Ovbh3tpU0,0.38626322
importance of continuous learning in tech,5,MdEexYakkHw,0.3853892
building real world software projects,1,B0TJC4lmzEM,0.4743992
building real world software projects,2,GAZkxw6DJJE,0.46721488
building real world software projects,3,ldkfMvE36FI,0.4461419
building real world software projects,4,voPcxCFMbbM,0.43057323
building real world software projects,5,cjam-BWAaL8,0.4227471
how developers stay updated with technology,1,ldkfMvE36FI,0.44910166
how developers stay updated with technology,2,q4Ovbh3tpU0,0.409677
how developers stay updated with technology,3,mAFoROnOfHs,0.3644025
how developers stay updated with technology,4,56Hv0LDjtWM,0.35605383
how developers stay updated with technology,5,OGRyln02De4,0.35594058
mindset needed to succeed in programming,1,o54etZM-DrY,0.45719922
mindset needed to succeed in programming,2,q4Ovbh3tpU0,0.43317777
mindset needed to succeed in programming,3,gmuTjeQUbTM,0.4217921
mindset needed to succeed in programming,4,g_3IKHG-rfA,0.40349215
mindset needed to succeed in programming,5,E7o_WdfKszU,0.3968581
learning through building projects,1,xJjxQjZTryI,0.5488239
learning through building projects,2,yhtdkuw9mbM,0.5023461
learning through building projects,3,cjam-BWAaL8,0.4725664
learning through building projects,4,ebarbEsoHzg,0.4675954
learning through building projects,5,GAZkxw6DJJE,0.46066293
challenges developers face in industry,1,ldkfMvE36FI,0.54054785
challenges developers face in industry,2,7ysrM5BMe6Q,0.4492201
challenges developers face in industry,3,r6jVezXnBMQ,0.42859972
challenges developers face in industry,4,zfUP1tIC64o,0.3874224
challenges developers face in industry,5,q4Ovbh3tpU0,0.38707915
transitioning into a tech career,1,9tyZL5KIiGU,0.5400733
transitioning into a tech career,2,9q24hqwm4QM,0.5003925
transitioning into a tech career,3,q4Ovbh3tpU0,0.4659759
transitioning into a tech career,4,xwI5OBEnsZU,0.44517735
transitioning into a tech career,5,tVf_5pvz5ck,0.43776783
advice from experienced software engineers,1,q4Ovbh3tpU0,0.5359603
advice from experienced software engineers,2,ldkfMvE36FI,0.50327545
advice from experienced software engineers,3,OGRyln02De4,0.4716643
advice from experienced software engineers,4,xwI5OBEnsZU,0.45570442
advice from experienced software engineers,5,yhtdkuw9mbM,0.44624883
