query,relevant_video_id
What are NumPy data types,fPopFeqw5sk
What are important NumPy functions,81i_uSX9Vic
What are Python iterators,k0D3MQwLn7A
What are Python generators,ZBlxaXMN_hU
What is Matplotlib in Python,c9vhHUGdav0
How to customize Matplotlib plots,hunq_UOdmoo
What is a Pandas DataFrame,OUnnuKHbmbU
What is NumPy slicing,6WaBryk4fkE
How to convert decimal to hexadecimal,mjiHc965UME
What is the binary number system,aMME_rYkoOU
What are arrays in C programming,tg5Wv9Ba1lI
What is dynamic memory allocation in C,J6qXny_UAK4
How to read files in C,ZwSyuqbeN0c
What are for loops in C,rUXjvybSPWc
What are function prototypes in C,eIlcl-mt3tg
What is a switch statement in C,Jx12Vf0VxmY
What is Java multithreading,y4siEcxgOpM
What are Java anonymous classes,6Hk2aE_SRzY
How to write files in Java,Z5smVeUVNFU
What is Java ArrayList,zdAggA1q0eo
What are Java getters and setters,NEj2H7SoTzQ
What is method overriding in Java,NtlSzRWhaOc
What are constructors in Java,wt194lO5kKE
What is object oriented programming in Java,taI7G6U29L8
What are 2D arrays in Java,P_iOnmdww8E
What is Python programming,Pg0aoSbrqOE
What are Python projects for beginners,wsTSREgCE5E
How to build a weather app in Python,hx_DRanBRRM
What is React JS,ZD7CB6wKg8A
What is async await in JavaScript,LN45TyPWAAg
