query,relevant_video_id,mapping_score
How to get started with coding for beginners,lw1vTtFyfgg,0.6305
Best way to learn programming in 2025,Fi8vnYgMiHA,0.6392
What is the future of web development,BiA08jfr4RU,0.523
How to use Three.js for creative coding,v7Butot2fHY,0.6819
Beginner guide to JavaScript frameworks,c6IyCwAV6BY,0.5814
How to build projects with React step by step,cw02dMpWStI,0.53
What skills do software developers need today,ekXUXu7Eejs,0.5698
How to learn full stack development efficiently,cfOI7PBhkWk,0.505
Tips for mastering Python programming,UsfpzxZNsPo,0.5968
What is the best programming language to learn first,xtGThMTO9rI,0.5108
How to improve problem solving in coding,66hDgWottdA,0.508
Real world applications of machine learning,VWcCVKaN2vA,0.3456
How AI is changing software development,MdEexYakkHw,0.6458
Beginner guide to APIs and how they work,ll1mpTJ4qBU,0.4985
How to use REST APIs in projects,ll1mpTJ4qBU,0.3487
Best practices for writing clean code,626BcUO84og,0.454
How to debug code effectively,ll1mpTJ4qBU,0.4611
Tips for learning data structures and algorithms,mrRfPVm9nAY,0.5947
How to prepare for coding interviews,BrBMM2gIQN8,0.5301
What is cloud computing and how to learn it,xHUwGx-ZlTM,0.4419
Introduction to DevOps for beginners,rgt5GPFgryI,0.6082
How to deploy a web application,lEcULR30-GM,0.4652
What is Docker and how to use it,lEcULR30-GM,0.4625
How to build scalable applications,HEGrkgpe7-Y,0.434
Best resources to learn programming for free,voPcxCFMbbM,0.5807
How to stay motivated while learning to code,q4Ovbh3tpU0,0.5659
What are the latest trends in tech careers,56Hv0LDjtWM,0.3959
How to transition into a tech career,9q24hqwm4QM,0.5372
Beginner guide to cybersecurity,9HOpanT0GRs,0.6179
What is blockchain and how does it work,26ls5lNiijk,0.2615
How to build mobile apps with JavaScript,v7Butot2fHY,0.4578
What is TypeScript and why use it,E2oyLZVBcQw,0.4309
How to optimize website performance,VplSjvnwG_Y,0.436
What is responsive web design,8Si7eCfEpB0,0.3965
How to create interactive web experiences,yhtdkuw9mbM,0.5389
How to work with animations in web development,tdsQwuyS6DQ,0.571
Tips for UI/UX design for developers,OGRyln02De4,0.517
How to use Git and GitHub effectively,mAFoROnOfHs,0.6962
What is open source and how to contribute,FHBBaSUQk1Y,0.7522
How to collaborate on coding projects,lIghF_OewYg,0.4851
What is test-driven development,jydYq7oAtD8,0.4988
How to write unit tests for your code,Yygu7TBWdPs,0.4136
Best practices for backend development,KOutPbKc9UM,0.5179
How databases work in web applications,26ls5lNiijk,0.5622
SQL vs NoSQL: which one to choose,u1T8yyEEKWY,0.3989
How to manage state in frontend applications,keTcXT145CI,0.3597
What is serverless architecture,xHUwGx-ZlTM,0.5082
How to build APIs from scratch,ll1mpTJ4qBU,0.4522
What is microservices architecture,xHUwGx-ZlTM,0.4901
How to structure large codebases,mrRfPVm9nAY,0.4382
Tips for learning programming faster,MZVyASCY8sQ,0.6236
Common mistakes beginners make in coding,pdleuy5lljY,0.4479
How to build a portfolio as a developer,voPcxCFMbbM,0.4546
What projects should beginners build,voPcxCFMbbM,0.5089
How to learn coding without a degree,lw1vTtFyfgg,0.5746
Day in the life of a software developer,gpm1hRv6WL8,0.5372
What tools do developers use daily,MdEexYakkHw,0.4954
How to automate tasks with code,suuDVhYXe5Y,0.4274
What is data science and how to start,UsfpzxZNsPo,0.4393
How to visualize data using JavaScript,ehkDsePv3W8,0.4554
Introduction to neural networks,wu8npoU37cI,0.4439
How to train machine learning models,tVskbekONlw,0.4258
What is deep learning in simple terms,kRv2ElPNAdY,0.383
How to use AI tools for coding,suuDVhYXe5Y,0.6131
Future of artificial intelligence explained,gmuTjeQUbTM,0.5498
How to learn new technologies quickly,MZVyASCY8sQ,0.4855
Tips for working remotely as a developer,IRcL5as-RaE,0.4187
How to improve coding productivity,ekXUXu7Eejs,0.4852
What is pair programming,LsY7U2Muau8,0.3911
How to review code effectively,H3i9DGnMxWQ,0.4873
Best coding practices for teams,OGRyln02De4,0.4369
How to handle large datasets in applications,mrRfPVm9nAY,0.323
What is edge computing,UIf-SlmMays,0.3275
How to build real-time applications,suuDVhYXe5Y,0.365
What are the challenges in modern software development,tZef2ZzbyuQ,0.4399
