query,output,timestamp
What is overfitting?,"### 🎬 Closures in JavaScript explained with a simple backpack analogy

🔗 [Watch Video](https://www.youtube.com/watch?v=U6-RekkuORI)  
⭐ Similarity Score: 0.3103

<iframe width=""400"" height=""225"" src=""https://www.youtube.com/embed/U6-RekkuORI"" frameborder=""0"" allowfullscreen></iframe>

---


### 🎬 How to focus your efforts in the right directions when job hunting

🔗 [Watch Video](https://www.youtube.com/watch?v=vK30T6wKauA)  
⭐ Similarity Score: 0.3

<iframe width=""400"" height=""225"" src=""https://www.youtube.com/embed/vK30T6wKauA"" frameborder=""0"" allowfullscreen></iframe>

---",2026-03-31 02:31:23.658850
